id,image_id,category_id,bbox,area,segmentation,iscrowd
0,1,1,"[277, 207, 568.95, 591.79]",336698.921,[],0
1,2,1,"[800, 0, 157.45, 413.38]",65086.681,[],0
2,2,1,"[1062, 96, 58.37, 63.91]",3730.427,[],0
3,2,1,"[452, 442, 410.09, 350.6]",143777.554,[],0
4,2,1,"[0, 163, 336.16, 375.08]",126086.893,[],0
5,3,1,"[378, 224, 448.98, 489.79]",219905.914,[],0
6,4,1,"[361, 64, 470.09, 692.55]",325560.829,[],0
7,5,1,"[0, 0, 214.43, 459.32]",98491.988,[],0
8,5,1,"[447, 0, 400.28, 780.46]",312402.529,[],0
9,6,1,"[0, 0, 389.04, 319.4]",124259.376,[],0
10,6,1,"[584, 63, 227.63, 189.43]",43119.951,[],0
11,6,1,"[1122, 328, 77.73, 104.33]",8109.571,[],0
12,6,1,"[267, 343, 255.06, 223.92]",57113.035,[],0
13,6,1,"[151, 672, 301.08, 122.12]",36767.89,[],0
14,7,1,"[939, 714, 75.3, 55]",4141.5,[],0
15,7,1,"[679, 755, 248.99, 50]",12449.5,[],0
16,7,1,"[0, 580, 155.45, 95]",14767.75,[],0
17,7,1,"[1114, 639, 59.1, 42.5]",2511.75,[],0
18,7,1,"[1075, 654, 39.08, 72.5]",2833.3,[],0
19,8,1,"[247, 223, 572.03, 485.62]",277789.209,[],0
20,9,1,"[144, 115, 659.54, 599.23]",395216.154,[],0
21,10,1,"[399, 473, 106.53, 128.43]",13681.648,[],0
22,11,1,"[457, 522, 240.94, 217]",52283.98,[],0
23,11,1,"[364, 398, 129.87, 56.24]",7303.889,[],0
24,12,1,"[596, 169, 205.3, 382.26]",78477.978,[],0
25,13,1,"[258, 89, 257.29, 517.5]",133147.575,[],0
26,13,1,"[800, 0, 184.7, 253.75]",46867.625,[],0
27,13,1,"[209, 690, 216.06, 170]",36730.2,[],0
28,13,1,"[769, 469, 109.72, 195]",21395.4,[],0
29,14,1,"[446, 443, 250.63, 125.12]",31358.826,[],0
30,15,1,"[598, 402, 87.89, 89.84]",7896.038,[],0
31,16,1,"[317, 239, 557.58, 508.11]",283311.974,[],0
32,17,1,"[479, 409, 70.66, 151.5]",10704.99,[],0
33,17,1,"[729, 226, 79.17, 64.72]",5123.882,[],0
34,18,1,"[235, 177, 619.25, 614.49]",380522.932,[],0
35,19,1,"[734, 217, 112.74, 214.4]",24171.456,[],0
36,20,1,"[312, 117, 662.01, 692.54]",458468.405,[],0
37,21,1,"[510, 156, 337.23, 238.75]",80513.663,[],0
38,21,1,"[408, 411, 488.47, 351.25]",171575.088,[],0
39,22,1,"[212, 303, 64.85, 62.5]",4053.125,[],0
40,22,1,"[297, 613, 74.83, 87.5]",6547.625,[],0
41,22,1,"[487, 698, 92.28, 101.25]",9343.35,[],0
42,22,1,"[927, 486, 79.68, 137.5]",10956.0,[],0
43,22,1,"[974, 704, 94.06, 82.5]",7759.95,[],0
44,22,1,"[717, 774, 82.23, 68.75]",5653.313,[],0
45,22,1,"[712, 93, 115.97, 197.5]",22904.075,[],0
46,23,1,"[737, 0, 212.91, 240.78]",51264.47,[],0
47,23,1,"[1112, 205, 84.5, 75.75]",6400.875,[],0
48,23,1,"[152, 425, 200.78, 435]",87339.3,[],0
49,24,1,"[239, 76, 725.91, 651.5]",472930.365,[],0
50,25,1,"[0, 272, 425.46, 206.62]",87908.545,[],0
51,25,1,"[922, 677, 278.29, 183.13]",50963.248,[],0
52,26,1,"[301, 224, 184.59, 111.55]",20591.015,[],0
53,26,1,"[1070, 282, 73.64, 67.1]",4941.244,[],0
54,26,1,"[746, 547, 202.84, 150.9]",30608.556,[],0
55,27,1,"[175, 237, 598.71, 485.06]",290410.273,[],0
56,28,1,"[465, 359, 160.4, 124.57]",19981.028,[],0
57,29,1,"[452, 82, 83.39, 71.83]",5989.904,[],0
58,29,1,"[734, 224, 70.96, 68.75]",4878.5,[],0
59,29,1,"[0, 279, 214.43, 117.69]",25236.267,[],0
60,30,1,"[0, 0, 1200, 860]",1032000.0,[],0
61,31,1,"[117, 187, 628.98, 673]",423303.54,[],0
62,32,1,"[540, 312, 146.5, 115.42]",16909.03,[],0
63,33,1,"[424, 256, 338.04, 296.54]",100242.382,[],0
64,33,1,"[522, 633, 78.33, 92.56]",7250.225,[],0
65,33,1,"[348, 537, 54.04, 37.17]",2008.667,[],0
66,34,1,"[257, 135, 463.66, 658.46]",305301.564,[],0
67,35,1,"[694, 111, 48.5, 56.25]",2728.125,[],0
68,36,1,"[22, 125, 707.99, 735]",520372.65,[],0
69,36,1,"[806, 238, 124.59, 287.61]",35833.33,[],0
70,37,1,"[95, 0, 920.89, 860]",791965.4,[],0
71,38,1,"[467, 263, 256, 276.25]",70720.0,[],0
72,39,1,"[220, 162, 497.61, 310.41]",154463.12,[],0
73,39,1,"[814, 399, 107.02, 159.55]",17075.041,[],0
74,40,1,"[206, 217, 275.4, 206.34]",56826.036,[],0
75,40,1,"[507, 682, 225.65, 111.79]",25225.414,[],0
76,41,1,"[394, 424, 307.33, 228.69]",70283.298,[],0
77,42,1,"[411, 36, 119.03, 116.32]",13845.57,[],0
78,42,1,"[702, 312, 223.13, 227.05]",50661.666,[],0
79,42,1,"[629, 612, 258.13, 203.09]",52423.622,[],0
80,42,1,"[173, 552, 154.06, 154.23]",23760.674,[],0
81,43,1,"[0, 0, 391.7, 311.4]",121975.38,[],0
82,43,1,"[1129, 357, 71.06, 93.99]",6678.929,[],0
83,43,1,"[566, 24, 375.25, 227.44]",85346.86,[],0
84,43,1,"[236, 362, 284.06, 176.27]",50071.256,[],0
85,43,1,"[147, 662, 268.43, 129.46]",34750.948,[],0
86,44,1,"[484, 212, 312.04, 140.44]",43822.898,[],0
87,44,1,"[397, 392, 418.7, 273.69]",114594.003,[],0
88,45,1,"[320, 0, 114.09, 133.51]",15232.156,[],0
89,45,1,"[667, 473, 197.22, 267.85]",52825.377,[],0
90,46,1,"[319, 0, 113.73, 136.19]",15488.889,[],0
91,46,1,"[664, 474, 199.32, 255.4]",50906.328,[],0
92,47,1,"[360, 62, 473.14, 689.22]",326097.551,[],0
93,48,1,"[864, 5, 133.43, 207.5]",27686.725,[],0
94,48,1,"[983, 225, 112.82, 168.75]",19038.375,[],0
95,48,1,"[938, 445, 146.55, 153.75]",22532.063,[],0
96,48,1,"[819, 601, 124.69, 225]",28055.25,[],0
97,48,1,"[374, 224, 174.79, 66.25]",11579.837,[],0
98,48,1,"[157, 435, 119.85, 78.75]",9438.188,[],0
99,48,1,"[74, 540, 106.35, 73.75]",7843.313,[],0
100,49,1,"[436, 392, 194.57, 249.81]",48605.532,[],0
101,50,1,"[0, 0, 636.96, 484.64]",308696.294,[],0
102,50,1,"[549, 736, 425.24, 124.33]",52870.089,[],0
103,51,1,"[352, 0, 564.24, 860]",485246.4,[],0
104,52,1,"[0, 184, 505, 431.23]",217771.15,[],0
105,52,1,"[864, 562, 336.06, 251.45]",84502.287,[],0
106,53,1,"[331, 481, 160.75, 331.56]",53298.27,[],0
107,53,1,"[437, 331, 79.27, 131.8]",10447.786,[],0
108,54,1,"[209, 264, 267.06, 477.93]",127635.986,[],0
109,54,1,"[699, 511, 37.59, 38.47]",1446.087,[],0
110,54,1,"[752, 554, 173.15, 305.63]",52919.835,[],0
111,55,1,"[68, 0, 296.03, 860]",254585.8,[],0
112,55,1,"[512, 569, 144.66, 291.25]",42132.225,[],0
113,55,1,"[723, 328, 193.73, 326.64]",63279.967,[],0
114,56,1,"[175, 0, 825.34, 820.59]",677265.751,[],0
115,57,1,"[265, 376, 208.2, 240.92]",50159.544,[],0
116,58,1,"[310, 359, 597.57, 353.95]",211509.902,[],0
117,59,1,"[596, 340, 118.44, 127.63]",15116.497,[],0
118,60,1,"[145, 196, 430.41, 575.6]",247743.996,[],0
119,60,1,"[1020, 249, 179.7, 321.21]",57721.437,[],0
120,61,1,"[327, 439, 383.16, 342.55]",131251.458,[],0
121,62,1,"[1087, 431, 79.57, 100.06]",7961.774,[],0
122,62,1,"[605, 311, 231.31, 132.35]",30613.878,[],0
123,62,1,"[303, 639, 238.15, 221.25]",52690.688,[],0
124,62,1,"[362, 268, 168.04, 122.7]",20618.508,[],0
125,62,1,"[210, 47, 142.84, 118.35]",16905.114,[],0
126,63,1,"[29, 473, 44.23, 58.9]",2605.147,[],0
127,63,1,"[455, 107, 56.96, 116.37]",6628.435,[],0
128,63,1,"[623, 364, 48.03, 57.67]",2769.89,[],0
129,63,1,"[447, 751, 66.18, 54.32]",3594.898,[],0
130,63,1,"[760, 503, 126.97, 164.37]",20870.059,[],0
131,64,1,"[475, 436, 149.84, 225.63]",33808.399,[],0
132,65,1,"[344, 146, 504.72, 430]",217029.6,[],0
133,66,1,"[0, 0, 922.27, 824]",759950.48,[],0
134,67,1,"[315, 278, 467.59, 363.97]",170188.732,[],0
135,68,1,"[532, 314, 191.81, 225.55]",43262.746,[],0
136,69,1,"[628, 66, 37.26, 31.25]",1164.375,[],0
137,69,1,"[499, 140, 497.18, 290]",144182.2,[],0
138,69,1,"[698, 555, 187.21, 155]",29017.55,[],0
139,70,1,"[773, 412, 102.36, 97.99]",10030.256,[],0
140,70,1,"[587, 434, 57.88, 59.25]",3429.39,[],0
141,70,1,"[618, 288, 43.38, 86.24]",3741.091,[],0
142,70,1,"[470, 283, 52.67, 53.52]",2818.898,[],0
143,70,1,"[337, 146, 69.17, 47.5]",3285.575,[],0
144,70,1,"[197, 124, 50.54, 49.73]",2513.354,[],0
145,70,1,"[257, 46, 82.45, 65.48]",5398.826,[],0
146,71,1,"[438, 275, 197.34, 229.84]",45356.626,[],0
147,72,1,"[242, 419, 239.31, 287.01]",68684.363,[],0
148,72,1,"[675, 250, 262.01, 407.02]",106643.31,[],0
149,73,1,"[319, 123, 569.94, 501.22]",285665.327,[],0
150,74,1,"[364, 296, 496.07, 419.23]",207967.426,[],0
151,75,1,"[485, 28, 112.07, 173.26]",19417.248,[],0
152,75,1,"[789, 256, 103.41, 215.41]",22275.548,[],0
153,75,1,"[155, 618, 83.24, 83.96]",6988.83,[],0
154,76,1,"[357, 178, 434.3, 636.78]",276553.554,[],0
155,77,1,"[292, 363, 516.62, 372]",192182.64,[],0
156,77,1,"[404, 43, 139.9, 157.14]",21983.886,[],0
157,78,1,"[539, 388, 107.9, 166.22]",17935.138,[],0
158,79,1,"[311, 357, 285.03, 196.93]",56130.958,[],0
159,79,1,"[424, 270, 50.41, 50.4]",2540.664,[],0
160,80,1,"[528, 167, 138.45, 91.02]",12601.719,[],0
161,80,1,"[774, 338, 125.91, 226.77]",28552.611,[],0
162,80,1,"[1137, 353, 63.03, 164.56]",10372.217,[],0
163,80,1,"[483, 622, 121.24, 78.68]",9539.163,[],0
164,81,1,"[517, 326, 297.22, 307.5]",91395.15,[],0
165,82,1,"[611, 156, 256.94, 274.33]",70486.35,[],0
166,82,1,"[574, 689, 178.98, 123.45]",22095.081,[],0
167,82,1,"[419, 451, 90.06, 69.95]",6299.697,[],0
168,83,1,"[543, 254, 112.89, 130.71]",14755.852,[],0
169,83,1,"[570, 139, 35.4, 46.04]",1629.816,[],0
170,83,1,"[638, 644, 104.55, 151.71]",15861.281,[],0
171,84,1,"[481, 322, 252.88, 274.26]",69354.869,[],0
172,85,1,"[1037, 249, 131.51, 185.33]",24372.748,[],0
173,85,1,"[152, 104, 258.09, 147.77]",38137.959,[],0
174,85,1,"[214, 384, 56.47, 70.32]",3970.97,[],0
175,85,1,"[83, 510, 273.07, 308.78]",84318.555,[],0
176,86,1,"[510, 364, 264.82, 166.5]",44092.53,[],0
177,87,1,"[474, 329, 190.11, 238.44]",45329.828,[],0
178,88,1,"[663, 329, 112.33, 167.97]",18868.07,[],0
179,88,1,"[365, 504, 190.86, 102.73]",19607.048,[],0
180,89,1,"[499, 300, 217.05, 183.74]",39880.767,[],0
181,90,1,"[0, 99, 1200, 668.47]",802164.0,[],0
182,91,1,"[384, 299, 524.7, 335]",175774.5,[],0
183,92,1,"[447, 310, 182.62, 168.18]",30713.032,[],0
184,92,1,"[743, 254, 144.52, 172.92]",24990.398,[],0
185,93,1,"[260, 89, 429.28, 552.86]",237331.741,[],0
186,94,1,"[632, 197, 165.93, 334.56]",55513.541,[],0
187,95,1,"[138, 64, 97.89, 38.28]",3747.229,[],0
188,95,1,"[453, 229, 212.42, 401.2]",85222.904,[],0
189,97,1,"[424, 289, 86.53, 126.53]",10948.641,[],0
190,97,1,"[472, 457, 395.91, 348.1]",137816.271,[],0
191,98,1,"[396, 183, 410.27, 231.39]",94932.375,[],0
192,98,1,"[315, 494, 92.24, 212.18]",19571.483,[],0
193,99,1,"[350, 164, 361, 531.25]",191781.25,[],0
194,100,1,"[474, 328, 188.17, 236.21]",44447.636,[],0
195,101,1,"[417, 225, 432.03, 347.6]",150173.628,[],0
196,102,1,"[364, 34, 836.06, 373.35]",312143.001,[],0
197,102,1,"[0, 437, 1012.83, 422.67]",428092.856,[],0
198,103,1,"[241, 0, 665.6, 228.78]",152275.968,[],0
199,103,1,"[259, 494, 640.6, 366]",234459.6,[],0
200,104,1,"[0, 0, 1200, 860]",1032000.0,[],0
201,105,1,"[400, 490, 267.83, 165.17]",44237.481,[],0
202,105,1,"[299, 173, 398.2, 176.64]",70338.048,[],0
203,106,1,"[209, 219, 506.22, 473.13]",239507.869,[],0
204,107,1,"[0, 111, 1200, 749.16]",898992.0,[],0
205,108,1,"[366, 387, 250.77, 222.56]",55811.371,[],0
206,108,1,"[539, 234, 0.19, 1.09]",0.207,[],0
207,109,1,"[852, 207, 126.61, 363.87]",46069.581,[],0
208,109,1,"[203, 386, 171.7, 78.41]",13462.997,[],0
209,109,1,"[273, 595, 58.05, 101.58]",5896.719,[],0
210,109,1,"[405, 675, 117.31, 71.57]",8395.877,[],0
211,110,1,"[249, 351, 658.6, 479.1]",315535.26,[],0
212,111,1,"[570, 157, 229.26, 512.58]",117514.091,[],0
213,112,1,"[261, 13, 476.21, 769.49]",366438.833,[],0
214,113,1,"[594, 126, 62.7, 79.69]",4996.563,[],0
215,113,1,"[60, 314, 121.78, 81.72]",9951.862,[],0
216,113,1,"[995, 181, 56.17, 52.59]",2953.98,[],0
217,113,1,"[1112, 183, 43.34, 82.51]",3575.983,[],0
218,113,1,"[1054, 302, 91.38, 71.89]",6569.308,[],0
219,113,1,"[630, 357, 71.14, 59.93]",4263.42,[],0
220,114,1,"[504, 311, 242.15, 239.21]",57924.702,[],0
221,115,1,"[89, 159, 714.63, 251.01]",179379.276,[],0
222,115,1,"[177, 474, 493.01, 326.45]",160943.114,[],0
223,115,1,"[731, 507, 114.28, 111.89]",12786.789,[],0
224,115,1,"[872, 419, 100.57, 90.96]",9147.847,[],0
225,116,1,"[540, 106, 482.18, 128.75]",62080.675,[],0
226,116,1,"[407, 235, 157.28, 100]",15728.0,[],0
227,117,1,"[286, 0, 914.4, 860]",786384.0,[],0
228,119,1,"[382, 368, 69.87, 95.69]",6685.86,[],0
229,119,1,"[635, 495, 87.61, 154.25]",13513.843,[],0
230,120,1,"[22, 0, 128.26, 48.57]",6229.588,[],0
231,120,1,"[196, 98, 286.81, 379.57]",108864.472,[],0
232,120,1,"[512, 324, 194.83, 165.96]",32333.987,[],0
233,120,1,"[657, 194, 82.6, 99.06]",8182.356,[],0
234,120,1,"[757, 265, 96.47, 133.76]",12903.827,[],0
235,120,1,"[718, 427, 172.85, 102.33]",17687.74,[],0
236,120,1,"[631, 534, 123.99, 178.12]",22085.099,[],0
237,121,1,"[394, 266, 231.43, 198.48]",45934.226,[],0
238,121,1,"[947, 398, 106.36, 50.54]",5375.434,[],0
239,123,1,"[272, 138, 169.81, 160]",27169.6,[],0
240,123,1,"[357, 318, 67.31, 93.75]",6310.313,[],0
241,123,1,"[312, 560, 141.05, 97.5]",13752.375,[],0
242,123,1,"[632, 221, 97.25, 53.75]",5227.188,[],0
243,124,1,"[380, 195, 302.26, 490]",148107.4,[],0
244,125,1,"[365, 296, 513.3, 407.01]",208918.233,[],0
245,126,1,"[0, 0, 1019.5, 768.47]",783455.165,[],0
246,127,1,"[97, 132, 437.05, 625.81]",273510.26,[],0
247,128,1,"[0, 0, 1042.16, 860]",896257.6,[],0
248,129,1,"[424, 218, 119.17, 168.82]",20118.279,[],0
249,130,1,"[465, 341, 36.87, 47.57]",1753.906,[],0
250,130,1,"[535, 340, 215.04, 315.5]",67845.12,[],0
251,131,1,"[357, 287, 311.85, 355.87]",110978.06,[],0
252,131,1,"[683, 298, 434.29, 279.14]",121227.711,[],0
253,132,1,"[330, 340, 252.28, 312.5]",78837.5,[],0
254,133,1,"[226, 0, 282.06, 375.36]",105874.042,[],0
255,133,1,"[21, 462, 284.46, 273.49]",77796.965,[],0
256,133,1,"[391, 770, 233.02, 90]",20971.8,[],0
257,133,1,"[937, 682, 262.73, 178.33]",46852.641,[],0
258,134,1,"[757, 672, 137.64, 103.21]",14205.824,[],0
259,134,1,"[620, 799, 55.7, 60.63]",3377.091,[],0
260,134,1,"[230, 83, 155.53, 114.33]",17781.745,[],0
261,134,1,"[135, 382, 53.7, 53.81]",2889.597,[],0
262,135,1,"[365, 344, 251.02, 243.75]",61186.125,[],0
263,136,1,"[477, 318, 242.61, 120.14]",29147.165,[],0
264,137,1,"[305, 240, 448.71, 502.28]",225378.059,[],0
265,138,1,"[0, 317, 652.95, 542.67]",354336.377,[],0
266,139,1,"[269, 221, 424.75, 211.25]",89728.438,[],0
267,139,1,"[408, 525, 298.5, 172.5]",51491.25,[],0
268,140,1,"[878, 385, 74.71, 76.25]",5696.637,[],0
269,140,1,"[512, 55, 144.76, 170]",24609.2,[],0
270,140,1,"[1048, 298, 44.68, 47.5]",2122.3,[],0
271,141,1,"[169, 264, 704.52, 307.6]",216710.352,[],0
272,141,1,"[514, 591, 150.11, 163.39]",24526.473,[],0
273,142,1,"[1105, 289, 94.7, 118.2]",11193.54,[],0
274,142,1,"[162, 0, 382.08, 759.5]",290189.76,[],0
275,143,1,"[175, 232, 587.04, 487.01]",285894.35,[],0
276,144,1,"[459, 525, 235.67, 217.56]",51272.365,[],0
277,144,1,"[365, 398, 123.76, 52.36]",6480.074,[],0
278,145,1,"[232, 177, 605.36, 609.49]",368960.866,[],0
279,146,1,"[0, 0, 447.69, 860]",385013.4,[],0
280,146,1,"[691, 79, 75.64, 76.49]",5785.704,[],0
281,146,1,"[477, 227, 70.38, 100.06]",7042.223,[],0
282,146,1,"[629, 749, 173.3, 92.76]",16075.308,[],0
283,147,1,"[392, 373, 380.37, 272.3]",103574.751,[],0
284,148,1,"[397, 264, 498.13, 436.46]",217413.82,[],0
285,149,1,"[252, 323, 103.57, 45]",4660.65,[],0
286,149,1,"[254, 401, 72.66, 87.5]",6357.75,[],0
287,149,1,"[189, 510, 76.39, 118.75]",9071.313,[],0
288,149,1,"[72, 714, 146.1, 105]",15340.5,[],0
289,149,1,"[548, 650, 47.28, 43.75]",2068.5,[],0
290,150,1,"[97, 0, 866.1, 860]",744846.0,[],0
291,151,1,"[259, 222, 355.68, 434.25]",154454.04,[],0
292,152,1,"[124, 219, 385.06, 572.13]",220304.378,[],0
293,152,1,"[582, 759, 349.25, 101]",35274.25,[],0
294,153,1,"[370, 403, 192.63, 132.89]",25598.601,[],0
295,154,1,"[450, 379, 328.31, 294.06]",96542.839,[],0
296,155,1,"[237, 102, 309.05, 242.38]",74907.539,[],0
297,155,1,"[684, 84, 244.92, 220.74]",54063.641,[],0
298,156,1,"[147, 461, 698.8, 379.47]",265173.636,[],0
299,156,1,"[674, 360, 68.45, 71.47]",4892.122,[],0
300,156,1,"[213, 200, 76.9, 89.71]",6898.699,[],0
301,157,1,"[133, 0, 944.49, 860]",812261.4,[],0
302,158,1,"[367, 229, 368.16, 427.86]",157520.938,[],0
303,159,1,"[35, 125, 824.68, 596.45]",491880.386,[],0
304,160,1,"[385, 452, 96.53, 124.82]",12048.875,[],0
305,160,1,"[742, 205, 76.48, 44.91]",3434.717,[],0
306,161,1,"[0, 310, 104.21, 158.95]",16564.179,[],0
307,162,1,"[320, 206, 445.93, 588.1]",262251.433,[],0
308,163,1,"[521, 276, 308.29, 174.32]",53741.113,[],0
309,164,1,"[221, 207, 272.4, 545.15]",148498.86,[],0
310,165,1,"[315, 175, 381.51, 174.02]",66390.37,[],0
311,165,1,"[400, 489, 272.46, 181]",49315.26,[],0
312,166,1,"[447, 305, 170.55, 309.01]",52701.656,[],0
313,167,1,"[213, 249, 547.88, 358.7]",196524.556,[],0
314,167,1,"[857, 337, 222.54, 106.52]",23704.961,[],0
315,167,1,"[1143, 757, 57.2, 63.09]",3608.748,[],0
316,168,1,"[133, 49, 780.07, 526.21]",410480.635,[],0
317,168,1,"[139, 609, 369.31, 221.42]",81772.62,[],0
318,169,1,"[219, 176, 570.65, 464.8]",265238.12,[],0
319,170,1,"[609, 419, 57.61, 69.85]",4024.058,[],0
320,171,1,"[48, 298, 98.67, 176.17]",17382.694,[],0
321,171,1,"[545, 324, 230.54, 255.64]",58935.246,[],0
322,172,1,"[242, 102, 290.72, 258.37]",75113.326,[],0
323,172,1,"[677, 89, 250.26, 229.07]",57327.058,[],0
324,173,1,"[414, 14, 80.4, 93.52]",7519.008,[],0
325,173,1,"[791, 301, 143.59, 265.25]",38087.247,[],0
326,173,1,"[44, 267, 327.77, 573.1]",187844.987,[],0
327,174,1,"[480, 339, 196.01, 187.5]",36751.875,[],0
328,175,1,"[389, 372, 56.26, 72.63]",4086.164,[],0
329,175,1,"[637, 489, 69.27, 128.14]",8876.258,[],0
330,176,1,"[307, 58, 218.19, 355.42]",77549.09,[],0
331,176,1,"[0, 528, 277.98, 331.67]",92197.627,[],0
332,177,1,"[742, 342, 177.02, 199.83]",35373.907,[],0
333,178,1,"[404, 254, 391.63, 453.17]",177474.967,[],0
334,179,1,"[285, 434, 642.41, 425.63]",273428.968,[],0
335,179,1,"[827, 59, 128.74, 176.38]",22707.161,[],0
336,179,1,"[344, 0, 302.91, 139.3]",42195.363,[],0
337,180,1,"[378, 217, 454.53, 343.16]",155976.515,[],0
338,181,1,"[0, 113, 1200, 684.47]",821364.0,[],0
339,182,1,"[582, 302, 107.06, 242.61]",25973.827,[],0
340,183,1,"[0, 45, 1200, 451.25]",541500.0,[],0
341,183,1,"[819, 591, 218.42, 150]",32763.0,[],0
342,183,1,"[1033, 535, 115.33, 102.5]",11821.325,[],0
343,183,1,"[293, 559, 53.59, 46.25]",2478.538,[],0
344,183,1,"[513, 593, 82.28, 100]",8228.0,[],0
345,183,1,"[594, 525, 195.98, 55]",10778.9,[],0
346,184,1,"[131, 222, 788.93, 518.16]",408791.969,[],0
347,185,1,"[344, 79, 357, 261.72]",93434.04,[],0
348,186,1,"[85, 30, 426.05, 181.25]",77221.563,[],0
349,186,1,"[0, 359, 249.2, 150]",37380.0,[],0
350,186,1,"[604, 353, 207.23, 507.5]",105169.225,[],0
351,187,1,"[842, 4, 50.96, 51.25]",2611.7,[],0
352,187,1,"[923, 91, 63.43, 61.25]",3885.088,[],0
353,187,1,"[287, 460, 118.57, 112.5]",13339.125,[],0
354,187,1,"[180, 591, 111.1, 127.5]",14165.25,[],0
355,188,1,"[419, 158, 301.99, 521.19]",157394.168,[],0
356,189,1,"[690, 239, 103.15, 440.63]",45450.984,[],0
357,189,1,"[332, 626, 173.75, 60.07]",10437.163,[],0
358,190,1,"[472, 343, 264.74, 253.75]",67177.775,[],0
359,191,1,"[604, 306, 77.33, 67.93]",5253.027,[],0
360,192,1,"[668, 234, 200.97, 242.5]",48735.225,[],0
361,192,1,"[389, 461, 276.01, 246.25]",67967.462,[],0
362,193,1,"[787, 354, 122.57, 208.71]",25581.585,[],0
363,193,1,"[365, 116, 62.65, 73.54]",4607.281,[],0
364,194,1,"[269, 598, 639.12, 184.47]",117898.466,[],0
365,194,1,"[920, 524, 279.54, 163.87]",45808.22,[],0
366,194,1,"[0, 441, 244.7, 342.58]",83829.326,[],0
367,194,1,"[0, 106, 180.56, 119.68]",21609.421,[],0
368,194,1,"[875, 0, 324.54, 269.66]",87515.456,[],0
369,195,1,"[45, 0, 1034.77, 812.26]",840502.28,[],0
370,196,1,"[336, 134, 535.64, 636.99]",341197.324,[],0
371,197,1,"[494, 399, 303.43, 259.52]",78746.154,[],0
372,197,1,"[719, 774, 25.93, 44.76]",1160.627,[],0
373,198,1,"[113, 228, 64.86, 72.5]",4702.35,[],0
374,198,1,"[702, 670, 31, 70]",2170.0,[],0
375,198,1,"[575, 631, 48.52, 82.5]",4002.9,[],0
376,198,1,"[578, 763, 42.27, 37.5]",1585.125,[],0
377,198,1,"[420, 448, 52.3, 77.5]",4053.25,[],0
378,198,1,"[218, 394, 34.84, 83.75]",2917.85,[],0
379,199,1,"[523, 64, 96.44, 145.46]",14028.162,[],0
380,199,1,"[214, 212, 304.93, 610.85]",186266.491,[],0
381,200,1,"[547, 427, 317.61, 291.83]",92688.126,[],0
382,201,1,"[472, 551, 197.06, 231.71]",45660.773,[],0
383,201,1,"[434, 31, 248.17, 314.61]",78076.764,[],0
384,202,1,"[244, 233, 498.32, 244.64]",121909.005,[],0
385,202,1,"[249, 625, 284.05, 138.14]",39238.667,[],0
386,202,1,"[877, 749, 78.25, 72.78]",5695.035,[],0
387,203,1,"[453, 309, 149.58, 293.83]",43951.091,[],0
388,204,1,"[538, 369, 137.34, 149.28]",20502.115,[],0
389,205,1,"[497, 340, 220.94, 190.95]",42188.493,[],0
390,206,1,"[247, 335, 47.01, 74.73]",3513.057,[],0
391,206,1,"[352, 234, 63.91, 97.81]",6251.037,[],0
392,207,1,"[244, 329, 615.61, 336.87]",207380.541,[],0
393,208,1,"[297, 2, 218.39, 253.1]",55274.509,[],0
394,208,1,"[534, 395, 212.32, 148.27]",31480.686,[],0
395,208,1,"[289, 723, 101.43, 83.78]",8497.805,[],0
396,210,1,"[231, 30, 95.79, 105.17]",10074.234,[],0
397,210,1,"[682, 184, 227.93, 103.75]",23647.737,[],0
398,210,1,"[779, 449, 121.93, 187.88]",22908.208,[],0
399,210,1,"[176, 287, 101.47, 221.62]",22487.781,[],0
400,210,1,"[344, 514, 146.4, 137.54]",20135.856,[],0
401,211,1,"[737, 107, 171.6, 205.4]",35246.64,[],0
402,211,1,"[219, 296, 123.45, 166.31]",20530.969,[],0
403,211,1,"[111, 586, 134.48, 184.13]",24761.802,[],0
404,212,1,"[314, 146, 540.92, 156.28]",84534.978,[],0
405,212,1,"[789, 538, 40.64, 45.1]",1832.864,[],0
406,212,1,"[139, 601, 144.07, 184.49]",26579.474,[],0
407,213,1,"[77, 265, 992.88, 374.21]",371545.625,[],0
408,214,1,"[557, 376, 63.52, 63.75]",4049.4,[],0
409,214,1,"[795, 448, 92.21, 86.25]",7953.112,[],0
410,215,1,"[474, 204, 324.26, 131]",42478.06,[],0
411,215,1,"[374, 367, 446.2, 298.69]",133275.478,[],0
412,216,1,"[489, 334, 94.3, 141.52]",13345.336,[],0
413,217,1,"[537, 343, 204.22, 298.17]",60892.277,[],0
414,218,1,"[695, 0, 204.5, 204.38]",41795.71,[],0
415,218,1,"[243, 321, 61.64, 64.89]",3999.82,[],0
416,219,1,"[255, 629, 131.07, 141.25]",18513.638,[],0
417,219,1,"[334, 84, 76.06, 157.5]",11979.45,[],0
418,220,1,"[117, 184, 635.65, 676.33]",429909.165,[],0
419,221,1,"[473, 147, 317.87, 528.13]",167876.683,[],0
420,222,1,"[67, 0, 1082.85, 438]",474288.3,[],0
421,222,1,"[291, 551, 452.98, 309.33]",140120.303,[],0
422,223,1,"[586, 304, 111.22, 242.05]",26920.801,[],0
423,224,1,"[74, 0, 978.66, 860]",841647.6,[],0
424,225,1,"[507, 34, 388.27, 420.32]",163197.646,[],0
425,225,1,"[527, 597, 111.02, 139.49]",15486.18,[],0
426,226,1,"[583, 375, 52.9, 39.86]",2108.594,[],0
427,227,1,"[1172, 320, 28.03, 45.99]",1289.1,[],0
428,227,1,"[1084, 384, 35.04, 37.36]",1309.094,[],0
429,227,1,"[1167, 603, 33.03, 52.86]",1745.966,[],0
430,227,1,"[729, 283, 71.2, 69.05]",4916.36,[],0
431,227,1,"[340, 119, 127.65, 77.15]",9848.198,[],0
432,227,1,"[545, 477, 91.51, 50.39]",4611.189,[],0
433,228,1,"[820, 2, 379.7, 440.69]",167329.993,[],0
434,228,1,"[469, 506, 683.64, 281.99]",192779.644,[],0
435,229,1,"[235, 76, 142.32, 110]",15655.2,[],0
436,229,1,"[418, 158, 49.81, 73.75]",3673.488,[],0
437,229,1,"[717, 139, 152.21, 170]",25875.7,[],0
438,229,1,"[258, 200, 94.83, 137.5]",13039.125,[],0
439,229,1,"[632, 634, 299.7, 130]",38961.0,[],0
440,229,1,"[802, 398, 94.71, 72.5]",6866.475,[],0
441,230,1,"[0, 443, 430.46, 417.19]",179583.607,[],0
442,230,1,"[29, 182, 178.91, 80.48]",14398.677,[],0
443,230,1,"[489, 343, 244.25, 130.66]",31913.705,[],0
444,231,1,"[61, 197, 127.17, 78.42]",9972.671,[],0
445,231,1,"[274, 197, 144.42, 163.71]",23642.998,[],0
446,231,1,"[516, 274, 177.33, 196.31]",34811.652,[],0
447,231,1,"[687, 507, 80.31, 64.25]",5159.918,[],0
448,231,1,"[671, 620, 80.98, 82.84]",6708.383,[],0
449,232,1,"[441, 50, 93.47, 58.83]",5498.84,[],0
450,233,1,"[455, 533, 216.5, 240.05]",51970.825,[],0
451,233,1,"[440, 34, 234.28, 317.66]",74421.385,[],0
452,234,1,"[474, 242, 320.3, 418.2]",133949.46,[],0
453,234,1,"[921, 0, 192.19, 115.51]",22199.867,[],0
454,234,1,"[127, 596, 137.81, 176.8]",24364.808,[],0
455,235,1,"[434, 44, 244.28, 340.43]",83160.24,[],0
456,235,1,"[424, 557, 262.61, 241.99]",63548.994,[],0
457,236,1,"[576, 129, 181.31, 198.39]",35970.091,[],0
458,236,1,"[211, 511, 362.37, 265.8]",96317.946,[],0
459,237,1,"[0, 139, 992.93, 720.63]",715535.146,[],0
460,238,1,"[599, 447, 225.64, 314.77]",71024.703,[],0
461,239,1,"[371, 390, 396.98, 452.76]",179736.665,[],0
462,239,1,"[614, 140, 91, 93.78]",8533.98,[],0
463,239,1,"[271, 82, 174.42, 286.7]",50006.214,[],0
464,240,1,"[688, 0, 512.2, 451.24]",231125.128,[],0
465,240,1,"[420, 8, 233.73, 136.6]",31927.518,[],0
466,240,1,"[0, 176, 272.43, 440.37]",119969.999,[],0
467,240,1,"[769, 637, 135.63, 157.27]",21330.53,[],0
468,241,1,"[455, 343, 282.05, 312.02]",88005.241,[],0
469,242,1,"[752, 68, 424.65, 449.75]",190986.337,[],0
470,243,1,"[504, 297, 594.2, 379.86]",225712.812,[],0
471,244,1,"[579, 290, 114.83, 93.76]",10766.461,[],0
472,245,1,"[154, 182, 600.31, 655.43]",393461.183,[],0
473,246,1,"[220, 220, 252.31, 211.25]",53300.488,[],0
474,246,1,"[103, 654, 206.09, 206.25]",42506.063,[],0
475,246,1,"[564, 749, 78.52, 63.75]",5005.65,[],0
476,246,1,"[822, 553, 50.96, 92.5]",4713.8,[],0
477,246,1,"[813, 778, 72.21, 82.5]",5957.325,[],0
478,246,1,"[1042, 508, 115.89, 141.25]",16369.462,[],0
479,247,1,"[0, 0, 429.03, 860]",368965.8,[],0
480,247,1,"[682, 69, 83.98, 93.15]",7822.737,[],0
481,247,1,"[477, 224, 75.71, 100.73]",7626.268,[],0
482,247,1,"[637, 764, 164.96, 83.09]",13706.526,[],0
483,248,1,"[305, 147, 557.78, 588.63]",328326.041,[],0
484,249,1,"[187, 102, 163.78, 194.06]",31783.147,[],0
485,249,1,"[657, 187, 543.03, 672.78]",365339.723,[],0
486,250,1,"[122, 231, 347.31, 192.5]",66857.175,[],0
487,250,1,"[150, 654, 186.09, 180]",33496.2,[],0
488,250,1,"[787, 591, 78.46, 88.75]",6963.325,[],0
489,250,1,"[558, 773, 76.02, 50]",3801.0,[],0
490,250,1,"[820, 796, 45.96, 62.5]",2872.5,[],0
491,250,1,"[1065, 333, 134.55, 350]",47092.5,[],0
492,251,1,"[270, 319, 395.39, 337.86]",133586.465,[],0
493,252,1,"[511, 337, 216.77, 315.91]",68479.811,[],0
494,253,1,"[407, 298, 274.28, 347.6]",95339.728,[],0
495,253,1,"[705, 298, 422.34, 270.21]",114120.491,[],0
496,253,1,"[0, 719, 43.99, 55.29]",2432.207,[],0
497,254,1,"[507, 299, 198.16, 185.12]",36683.379,[],0
498,255,1,"[364, 499, 197.29, 114.46]",22581.813,[],0
499,255,1,"[655, 291, 127.12, 197.47]",25102.386,[],0
500,256,1,"[815, 111, 360.31, 267.93]",96537.858,[],0
501,256,1,"[332, 283, 288.73, 365.08]",105409.548,[],0
502,257,1,"[209, 219, 285.4, 195.34]",55750.036,[],0
503,257,1,"[560, 679, 174.65, 101.8]",17779.37,[],0
504,258,1,"[508, 244, 77.91, 178.2]",13883.562,[],0
505,259,1,"[579, 432, 117.89, 121.5]",14323.635,[],0
506,260,1,"[305, 238, 440.93, 481.73]",212409.209,[],0
507,261,1,"[427, 292, 443.14, 303.71]",134586.049,[],0
508,262,1,"[227, 56, 325.71, 194.44]",63331.052,[],0
509,262,1,"[177, 571, 138.46, 112.52]",15579.519,[],0
510,262,1,"[332, 579, 215.38, 281]",60521.78,[],0
511,262,1,"[566, 484, 160.66, 159.21]",25578.679,[],0
512,263,1,"[408, 330, 428.53, 202.65]",86841.605,[],0
513,264,1,"[456, 202, 568.25, 574.87]",326669.878,[],0
514,265,1,"[571, 0, 186.31, 203.46]",37906.633,[],0
515,265,1,"[0, 487, 485.01, 373.33]",181068.783,[],0
516,266,1,"[312, 222, 284.29, 425.08]",120845.993,[],0
517,267,1,"[403, 251, 327.7, 368.38]",120718.126,[],0
518,267,1,"[405, 786, 51.8, 46.12]",2389.016,[],0
519,268,1,"[162, 320, 44.87, 80]",3589.6,[],0
520,268,1,"[944, 635, 87.17, 92.5]",8063.225,[],0
521,269,1,"[0, 207, 98.47, 126.72]",12478.118,[],0
522,269,1,"[357, 47, 86.42, 61.52]",5316.558,[],0
523,269,1,"[637, 194, 66.33, 62.77]",4163.534,[],0
524,270,1,"[284, 94, 543.28, 412.63]",224173.626,[],0
525,270,1,"[773, 612, 122.12, 95.5]",11662.46,[],0
526,271,1,"[488, 318, 121.02, 81.25]",9832.875,[],0
527,271,1,"[469, 514, 404.71, 188.75]",76389.012,[],0
528,271,1,"[54, 480, 346.07, 151.25]",52343.088,[],0
529,271,1,"[1035, 96, 80.9, 81.25]",6573.125,[],0
530,272,1,"[564, 0, 191.65, 214.12]",41036.098,[],0
531,272,1,"[0, 497, 491.67, 363.33]",178638.461,[],0
532,273,1,"[185, 67, 674.25, 286.27]",193017.547,[],0
533,274,1,"[397, 454, 93.2, 124.82]",11633.224,[],0
534,274,1,"[731, 204, 86.2, 52.96]",4565.152,[],0
535,275,1,"[473, 302, 232.33, 325.92]",75720.994,[],0
536,276,1,"[475, 187, 94.3, 114.89]",10834.127,[],0
537,276,1,"[429, 403, 138.74, 227.86]",31613.296,[],0
538,277,1,"[671, 470, 96.21, 115.38]",11100.71,[],0
539,277,1,"[896, 552, 47.29, 110.91]",5244.934,[],0
540,277,1,"[302, 114, 268.19, 209.04]",56062.438,[],0
541,278,1,"[563, 328, 78.52, 68.75]",5398.25,[],0
542,278,1,"[688, 355, 66, 58.75]",3877.5,[],0
543,278,1,"[654, 514, 29.76, 33.75]",1004.4,[],0
544,278,1,"[724, 503, 68.49, 73.75]",5051.137,[],0
545,278,1,"[282, 541, 24.83, 28.75]",713.862,[],0
546,279,1,"[697, 115, 70.84, 70.79]",5014.764,[],0
547,279,1,"[313, 581, 105.03, 144.99]",15228.3,[],0
548,280,1,"[770, 335, 429.54, 453.81]",194929.547,[],0
549,280,1,"[118, 54, 251.45, 244.55]",61492.098,[],0
550,281,1,"[133, 218, 344.41, 583.62]",201004.564,[],0
551,281,1,"[520, 614, 177.92, 235]",41811.2,[],0
552,282,1,"[457, 257, 101.05, 120.03]",12129.031,[],0
553,282,1,"[707, 152, 114.96, 166.4]",19129.344,[],0
554,282,1,"[0, 763, 338.39, 96.67]",32712.161,[],0
555,283,1,"[151, 516, 189.12, 344.33]",65119.69,[],0
556,283,1,"[387, 0, 401.64, 279.42]",112226.249,[],0
557,283,1,"[644, 467, 270.26, 275.82]",74543.113,[],0
558,284,1,"[713, 38, 278.45, 491.25]",136788.563,[],0
559,284,1,"[510, 361, 146.01, 498.75]",72822.487,[],0
560,284,1,"[89, 141, 156.1, 71.25]",11122.125,[],0
561,284,1,"[28, 270, 54.88, 77.5]",4253.2,[],0
562,284,1,"[29, 434, 121.36, 105]",12742.8,[],0
563,284,1,"[234, 613, 263.55, 245]",64569.75,[],0
564,285,1,"[218, 0, 575.93, 860]",495299.8,[],0
565,286,1,"[356, 253, 213.22, 291.23]",62096.061,[],0
566,287,1,"[272, 204, 576.62, 596.45]",343924.999,[],0
567,288,1,"[99, 214, 773.94, 342.59]",265144.105,[],0
568,289,1,"[390, 107, 74.32, 55.49]",4124.017,[],0
569,289,1,"[607, 634, 256.47, 113.67]",29152.945,[],0
570,291,1,"[367, 0, 564.24, 860]",485246.4,[],0
571,292,1,"[259, 221, 369.84, 441.19]",163169.71,[],0
572,293,1,"[226, 316, 535.65, 356.74]",191087.781,[],0
573,294,1,"[161, 219, 411.24, 403.14]",165787.294,[],0
574,295,1,"[124, 113, 995.53, 659.48]",656532.124,[],0
575,296,1,"[49, 10, 995.88, 849.67]",846169.36,[],0
576,297,1,"[544, 185, 235.37, 230.42]",54233.955,[],0
577,297,1,"[496, 499, 257.32, 240.06]",61772.239,[],0
578,297,1,"[257, 292, 94.89, 74.88]",7105.363,[],0
579,298,1,"[424, 357, 157.07, 122.63]",19261.494,[],0
580,299,1,"[302, 309, 399.28, 425.89]",170049.359,[],0
581,300,1,"[0, 111, 1200, 749.16]",898992.0,[],0
582,301,1,"[464, 430, 368.95, 429.67]",158526.747,[],0
583,301,1,"[82, 0, 633.33, 391.36]",247860.029,[],0
584,302,1,"[272, 209, 73.78, 67.12]",4952.114,[],0
585,302,1,"[299, 484, 334.84, 238.39]",79822.508,[],0
586,302,1,"[493, 329, 146.79, 133.74]",19631.695,[],0
587,303,1,"[219, 126, 143.58, 118.75]",17050.125,[],0
588,303,1,"[720, 141, 250.94, 158.75]",39836.725,[],0
589,303,1,"[1014, 326, 100.9, 118.75]",11981.875,[],0
590,303,1,"[669, 544, 160.97, 185]",29779.45,[],0
591,303,1,"[209, 394, 351.03, 275]",96533.25,[],0
592,304,1,"[0, 89, 346, 328.75]",113747.5,[],0
593,304,1,"[315, 605, 156.54, 142.55]",22314.777,[],0
594,305,1,"[84, 142, 939.56, 652.12]",612705.867,[],0
595,306,1,"[349, 119, 117.09, 77.7]",9097.893,[],0
596,306,1,"[736, 288, 80.09, 69.05]",5530.215,[],0
597,306,1,"[564, 477, 69.29, 45.39]",3145.073,[],0
598,306,1,"[1096, 382, 23.93, 24.31]",581.738,[],0
599,306,1,"[1174, 325, 26.36, 34.88]",919.437,[],0
600,306,1,"[1177, 619, 23.03, 33.69]",775.881,[],0
601,307,1,"[649, 396, 73.5, 82.5]",6063.75,[],0
602,308,1,"[53, 210, 176.3, 169.87]",29948.081,[],0
603,308,1,"[214, 502, 45.74, 49.83]",2279.224,[],0
604,308,1,"[717, 353, 62.04, 59.59]",3696.964,[],0
605,308,1,"[900, 366, 49.79, 62.92]",3132.787,[],0
606,309,1,"[527, 303, 193.16, 284.82]",55015.831,[],0
607,310,1,"[146, 127, 756.6, 670.46]",507270.036,[],0
608,311,1,"[585, 494, 88.72, 92.32]",8190.63,[],0
609,312,1,"[422, 264, 233.51, 215]",50204.65,[],0
610,313,1,"[444, 167, 401.2, 256.53]",102919.836,[],0
611,314,1,"[342, 0, 434.73, 860]",373867.8,[],0
612,315,1,"[599, 139, 203.15, 324.3]",65881.545,[],0
613,315,1,"[472, 568, 91.52, 66.75]",6108.96,[],0
614,316,1,"[0, 327, 650.29, 532.67]",346389.974,[],0
615,317,1,"[162, 76, 686.62, 731.45]",502228.199,[],0
616,318,1,"[487, 367, 250.94, 197.6]",49585.744,[],0
617,319,1,"[93, 104, 843.03, 755.56]",636959.747,[],0
618,320,1,"[380, 187, 368.71, 529.23]",195132.393,[],0
619,321,1,"[344, 0, 473.48, 860]",407192.8,[],0
620,322,1,"[297, 174, 689.23, 601.99]",414909.568,[],0
621,323,1,"[304, 316, 395.94, 414.23]",164010.226,[],0
622,324,1,"[614, 136, 244.28, 261.02]",63761.966,[],0
623,324,1,"[571, 656, 174.32, 143.46]",25007.947,[],0
624,324,1,"[424, 462, 95.72, 99.59]",9532.755,[],0
625,325,1,"[337, 289, 285.02, 451.82]",128777.736,[],0
626,326,1,"[528, 389, 150.11, 119.01]",17864.591,[],0
627,327,1,"[284, 437, 260.41, 248.96]",64831.674,[],0
628,327,1,"[410, 47, 165.96, 159.09]",26402.576,[],0
629,328,1,"[575, 340, 258.47, 311.25]",80448.788,[],0
630,329,1,"[613, 249, 46.69, 84.41]",3941.103,[],0
631,329,1,"[764, 371, 57.3, 110.27]",6318.471,[],0
632,329,1,"[453, 550, 44.73, 41.22]",1843.771,[],0
633,330,1,"[386, 275, 140.69, 112.09]",15769.942,[],0
634,331,1,"[564, 472, 119.93, 127.82]",15329.453,[],0
635,331,1,"[355, 269, 95.01, 95.76]",9098.158,[],0
636,331,1,"[670, 397, 64.37, 63.9]",4113.243,[],0
637,331,1,"[544, 189, 244.77, 149.72]",36646.964,[],0
638,332,1,"[597, 132, 201.48, 343.74]",69256.735,[],0
639,332,1,"[474, 570, 106.52, 70.92]",7554.398,[],0
640,333,1,"[149, 0, 544.76, 351.25]",191346.95,[],0
641,333,1,"[845, 706, 122.2, 153.75]",18788.25,[],0
642,334,1,"[212, 317, 531.32, 414.16]",220051.491,[],0
643,335,1,"[220, 214, 508.16, 645.56]",328047.77,[],0
644,336,1,"[379, 145, 445.92, 649.76]",289740.979,[],0
645,337,1,"[255, 202, 376.51, 457.02]",172072.6,[],0
646,338,1,"[252, 289, 389.29, 312.04]",121474.052,[],0
647,339,1,"[210, 538, 229.88, 200.06]",45989.793,[],0
648,339,1,"[381, 108, 524.52, 234.61]",123057.637,[],0
649,340,1,"[449, 311, 181.51, 185.68]",33702.777,[],0
650,340,1,"[752, 267, 128.13, 179.3]",22973.709,[],0
651,341,1,"[708, 463, 285.25, 247.5]",70599.375,[],0
652,341,1,"[695, 91, 169, 76.25]",12886.25,[],0
653,341,1,"[244, 804, 117.64, 56.25]",6617.25,[],0
654,341,1,"[179, 486, 121.37, 123.75]",15019.538,[],0
655,342,1,"[325, 223, 564.8, 460.07]",259847.536,[],0
656,343,1,"[148, 499, 211.28, 157.02]",33175.186,[],0
657,343,1,"[589, 127, 106.5, 167.67]",17856.855,[],0
658,344,1,"[494, 314, 245.94, 224.28]",55159.423,[],0
659,345,1,"[235, 234, 177.66, 209.3]",37184.238,[],0
660,346,1,"[459, 102, 189.84, 168.79]",32043.094,[],0
661,346,1,"[369, 499, 295.95, 295.32]",87399.954,[],0
662,346,1,"[243, 64, 33.51, 42.17]",1413.117,[],0
663,347,1,"[484, 269, 292.97, 334.57]",98018.973,[],0
664,348,1,"[157, 75, 924.87, 785]",726022.95,[],0
665,349,1,"[1087, 277, 104.75, 138.75]",14534.063,[],0
666,349,1,"[162, 0, 403.19, 803.37]",323910.75,[],0
667,350,1,"[400, 334, 219.77, 256.25]",56316.063,[],0
668,351,1,"[358, 283, 154.03, 154.3]",23766.829,[],0
669,351,1,"[362, 577, 60.99, 190.05]",11591.15,[],0
670,352,1,"[383, 288, 47.31, 98.75]",4671.863,[],0
671,352,1,"[639, 604, 96, 92.5]",8880.0,[],0
672,352,1,"[771, 690, 25.26, 68.75]",1736.625,[],0
673,353,1,"[386, 189, 359.32, 415.57]",149322.612,[],0
674,354,1,"[207, 207, 227.09, 362.59]",82340.563,[],0
675,354,1,"[501, 549, 143.02, 124.86]",17857.477,[],0
676,355,1,"[134, 207, 395.05, 442.87]",174955.793,[],0
677,356,1,"[0, 205, 1062.15, 356.59]",378752.068,[],0
678,357,1,"[383, 186, 362.32, 544.23]",197185.414,[],0
679,358,1,"[0, 281, 221.09, 140.01]",30954.811,[],0
680,358,1,"[449, 89, 105.38, 85.15]",8973.107,[],0
681,358,1,"[744, 234, 50.3, 56.08]",2820.824,[],0
682,359,1,"[366, 326, 119.03, 225.66]",26860.31,[],0
683,360,1,"[513, 413, 255.65, 196.76]",50301.694,[],0
684,360,1,"[717, 0, 169.24, 61.35]",10382.874,[],0
685,361,1,"[717, 567, 188.93, 203.14]",38379.24,[],0
686,361,1,"[139, 52, 140.8, 143.8]",20247.04,[],0
687,361,1,"[149, 430, 188.12, 321.15]",60414.738,[],0
688,362,1,"[657, 77, 244.8, 242.11]",59268.528,[],0
689,362,1,"[467, 530, 160.95, 233.11]",37519.054,[],0
690,363,1,"[522, 256, 212.32, 278.82]",59199.062,[],0
691,364,1,"[77, 257, 194.47, 602.67]",117201.235,[],0
692,364,1,"[444, 209, 466.26, 651]",303535.26,[],0
693,365,1,"[133, 105, 1067.2, 605.9]",646616.48,[],0
694,366,1,"[379, 0, 316.67, 102.19]",32360.507,[],0
695,366,1,"[924, 112, 276.06, 604.17]",166787.17,[],0
696,366,1,"[586, 664, 176.64, 196]",34621.44,[],0
697,367,1,"[315, 274, 447.04, 360.92]",161345.677,[],0
698,368,1,"[239, 0, 667.26, 222.12]",148211.791,[],0
699,368,1,"[262, 436, 619.94, 424.33]",263059.14,[],0
700,369,1,"[3, 665, 229.2, 90]",20628.0,[],0
701,370,1,"[643, 368, 102.24, 218.75]",22365.0,[],0
702,370,1,"[294, 460, 133.57, 100]",13357.0,[],0
703,370,1,"[473, 566, 137.69, 102.5]",14113.225,[],0
704,370,1,"[278, 209, 151.07, 83.75]",12652.112,[],0
705,371,1,"[298, 376, 184.19, 145.34]",26770.175,[],0
706,371,1,"[563, 254, 100.84, 216.24]",21805.642,[],0
707,371,1,"[399, 201, 84.05, 84.23]",7079.532,[],0
708,372,1,"[250, 82, 293.75, 368.74]",108317.375,[],0
709,373,1,"[12, 286, 314.12, 312.24]",98080.829,[],0
710,374,1,"[163, 185, 352.29, 243.75]",85870.688,[],0
711,374,1,"[568, 244, 49.77, 181.25]",9020.813,[],0
712,374,1,"[209, 480, 74.84, 88.75]",6642.05,[],0
713,374,1,"[335, 615, 101.06, 135]",13643.1,[],0
714,375,1,"[259, 309, 586.47, 310.92]",182345.252,[],0
715,376,1,"[1011, 547, 189.4, 227.8]",43145.32,[],0
716,376,1,"[0, 16, 1200, 385.02]",462024.0,[],0
717,376,1,"[71, 527, 279.78, 332.67]",93074.413,[],0
718,377,1,"[305, 249, 487.2, 366.23]",178427.256,[],0
719,378,1,"[0, 312, 182.44, 306.89]",55989.012,[],0
720,378,1,"[381, 279, 239.02, 97.7]",23352.254,[],0
721,378,1,"[631, 2, 58.34, 54.55]",3182.447,[],0
722,378,1,"[977, 112, 222.73, 111.12]",24749.758,[],0
723,379,1,"[0, 97, 1200, 714.45]",857340.0,[],0
724,380,1,"[142, 204, 263.81, 179.74]",47417.209,[],0
725,380,1,"[709, 652, 165.55, 186.06]",30802.233,[],0
726,380,1,"[618, 224, 68.82, 70.62]",4860.068,[],0
727,380,1,"[692, 498, 105.45, 93.65]",9875.393,[],0
728,380,1,"[295, 696, 49.53, 50.91]",2521.572,[],0
729,381,1,"[240, 186, 582.23, 605]",352249.15,[],0
730,382,1,"[384, 286, 169.86, 116.26]",19747.924,[],0
731,383,1,"[22, 176, 485.4, 600.8]",291628.32,[],0
732,383,1,"[229, 0, 222.75, 70.21]",15639.277,[],0
733,384,1,"[0, 64, 322.39, 519.58]",167507.396,[],0
734,384,1,"[677, 44, 380.88, 527.59]",200948.479,[],0
735,385,1,"[691, 65, 152.95, 448.62]",68616.429,[],0
736,385,1,"[1131, 489, 69.4, 79.92]",5546.448,[],0
737,385,1,"[344, 530, 181.06, 152.85]",27675.021,[],0
738,386,1,"[431, 0, 151.7, 284.75]",43196.575,[],0
739,386,1,"[1031, 76, 148.84, 233.07]",34690.139,[],0
740,387,1,"[628, 3, 309.7, 281.25]",87103.125,[],0
741,387,1,"[853, 301, 169.68, 352.5]",59812.2,[],0
742,387,1,"[521, 669, 412.71, 191.25]",78930.787,[],0
743,387,1,"[289, 674, 203.55, 186.25]",37911.188,[],0
744,388,1,"[234, 273, 273.54, 281.25]",76933.125,[],0
745,388,1,"[602, 286, 175.99, 275]",48397.25,[],0
746,388,1,"[450, 614, 162.27, 216.25]",35090.888,[],0
747,389,1,"[545, 217, 66.77, 54.43]",3634.291,[],0
748,389,1,"[649, 256, 96.9, 165.69]",16055.361,[],0
749,389,1,"[357, 377, 220.35, 412.01]",90786.404,[],0
750,389,1,"[703, 739, 50.12, 47.37]",2374.184,[],0
751,390,1,"[159, 74, 683.28, 709.13]",484534.346,[],0
752,391,1,"[292, 394, 351.35, 402.79]",141520.267,[],0
753,392,1,"[413, 0, 175.68, 212.97]",37414.57,[],0
754,392,1,"[214, 216, 628.14, 644.16]",404622.662,[],0
755,393,1,"[312, 144, 537.03, 147.95]",79453.588,[],0
756,393,1,"[787, 525, 48.7, 57.04]",2777.848,[],0
757,393,1,"[149, 604, 131.29, 168.66]",22143.371,[],0
758,394,1,"[608, 131, 42.27, 45]",1902.15,[],0
759,394,1,"[562, 280, 72.27, 76.25]",5510.587,[],0
760,394,1,"[767, 479, 77.23, 96.25]",7433.388,[],0
761,394,1,"[667, 605, 103.49, 102.5]",10607.725,[],0
762,395,1,"[459, 487, 171.79, 188.69]",32415.055,[],0
763,396,1,"[469, 6, 53.54, 65]",3480.1,[],0
764,396,1,"[646, 379, 347.73, 91.25]",31730.363,[],0
765,397,1,"[361, 156, 554.93, 583.49]",323796.106,[],0
766,398,1,"[309, 143, 540.08, 150.73]",81406.258,[],0
767,398,1,"[792, 540, 34.81, 40.38]",1405.628,[],0
768,398,1,"[132, 604, 148.79, 171.99]",25590.392,[],0
769,399,1,"[493, 328, 116.02, 137.5]",15952.75,[],0
770,400,1,"[364, 674, 103.35, 53.3]",5508.555,[],0
771,400,1,"[742, 142, 121.55, 155.32]",18879.146,[],0
772,401,1,"[171, 234, 395.71, 350.91]",138858.596,[],0
773,402,1,"[97, 0, 618.33, 268.76]",166182.371,[],0
774,402,1,"[614, 537, 276.27, 154.18]",42595.309,[],0
775,402,1,"[951, 817, 90.22, 43]",3879.46,[],0
776,403,1,"[76, 397, 217.47, 115.95]",25215.646,[],0
777,403,1,"[504, 243, 696.06, 414.53]",288537.752,[],0
778,404,1,"[319, 100, 488.7, 273.76]",133786.512,[],0
779,404,1,"[509, 551, 128.73, 130.07]",16743.911,[],0
780,405,1,"[317, 117, 349.01, 426.27]",148772.493,[],0
781,406,1,"[675, 244, 244.24, 407.86]",99615.726,[],0
782,406,1,"[247, 417, 224.87, 288.68]",64915.472,[],0
783,407,1,"[61, 184, 140.5, 113.08]",15887.74,[],0
784,407,1,"[267, 214, 131.1, 120.39]",15783.129,[],0
785,407,1,"[531, 304, 158.34, 186.3]",29498.742,[],0
786,407,1,"[691, 509, 78.31, 78.58]",6153.6,[],0
787,407,1,"[657, 632, 144.96, 96.49]",13987.19,[],0
788,408,1,"[650, 364, 78.49, 71.25]",5592.412,[],0
789,409,1,"[391, 49, 422.87, 390.97]",165329.484,[],0
790,409,1,"[174, 484, 172.11, 128.15]",22055.897,[],0
791,409,1,"[440, 730, 270.38, 129.72]",35073.694,[],0
792,410,1,"[624, 354, 112.88, 128.74]",14532.171,[],0
793,411,1,"[207, 258, 271.16, 478.95]",129872.082,[],0
794,411,1,"[695, 514, 43.48, 36.02]",1566.15,[],0
795,411,1,"[754, 558, 167.27, 301.88]",50495.468,[],0
796,412,1,"[611, 601, 256.94, 259.33]",66632.25,[],0
797,412,1,"[344, 44, 684.89, 184.78]",126553.974,[],0
798,413,1,"[233, 0, 466.01, 353.75]",164851.038,[],0
799,414,1,"[464, 279, 316.76, 389.24]",123295.662,[],0
800,415,1,"[92, 105, 827.75, 754.72]",624719.48,[],0
801,416,1,"[391, 556, 315.66, 278.1]",87785.046,[],0
802,416,1,"[791, 316, 171.58, 279.57]",47968.621,[],0
803,416,1,"[539, 49, 232.64, 199.77]",46474.493,[],0
804,417,1,"[69, 145, 608.13, 638.5]",388291.005,[],0
805,418,1,"[0, 210, 780.91, 503.84]",393453.694,[],0
806,419,1,"[395, 345, 432.22, 238.75]",103192.525,[],0
807,420,1,"[398, 349, 238.45, 121.52]",28976.444,[],0
808,421,1,"[526, 534, 72.9, 83.14]",6060.906,[],0
809,422,1,"[307, 404, 467.67, 326.17]",152539.924,[],0
810,423,1,"[363, 373, 210.63, 404.57]",85214.579,[],0
811,423,1,"[544, 213, 61.9, 55.51]",3436.069,[],0
812,423,1,"[658, 266, 83.54, 159.63]",13335.49,[],0
813,423,1,"[709, 739, 52.75, 61.81]",3260.477,[],0
814,424,1,"[151, 312, 499.68, 493.78]",246731.99,[],0
815,424,1,"[1042, 124, 157.73, 159.75]",25197.367,[],0
816,425,1,"[188, 67, 99.62, 146.03]",14547.509,[],0
817,425,1,"[327, 201, 117.1, 75.18]",8803.578,[],0
818,425,1,"[359, 339, 282.34, 210.39]",59401.513,[],0
819,425,1,"[772, 216, 229.78, 219.03]",50328.713,[],0
820,425,1,"[429, 576, 220.95, 102.3]",22603.185,[],0
821,425,1,"[2, 700, 111.04, 83.66]",9289.606,[],0
822,425,1,"[733, 640, 70.65, 55.9]",3949.335,[],0
823,426,1,"[238, 441, 95.72, 166.2]",15908.664,[],0
824,426,1,"[1110, 687, 60.86, 73.11]",4449.475,[],0
825,427,1,"[176, 197, 196.11, 482.19]",94562.281,[],0
826,428,1,"[0, 38, 1200, 821.83]",986196.0,[],0
827,429,1,"[559, 301, 143.17, 98.28]",14070.748,[],0
828,430,1,"[438, 0, 412.66, 733.13]",302533.426,[],0
829,431,1,"[820, 0, 278.1, 118]",32815.8,[],0
830,431,1,"[4, 95, 392.66, 199.06]",78162.9,[],0
831,432,1,"[434, 189, 187.62, 149.05]",27964.761,[],0
832,432,1,"[564, 437, 202.6, 138.16]",27991.216,[],0
833,433,1,"[267, 319, 397.06, 337.02]",133817.161,[],0
834,434,1,"[600, 297, 124.83, 203.18]",25362.959,[],0
835,435,1,"[316, 329, 198.73, 244.92]",48672.952,[],0
836,436,1,"[615, 424, 53.17, 65.96]",3507.093,[],0
837,437,1,"[655, 253, 69.27, 80.16]",5552.683,[],0
838,438,1,"[0, 224, 1200, 469.85]",563820.0,[],0
839,439,1,"[247, 95, 127.33, 327.5]",41700.575,[],0
840,439,1,"[414, 388, 28.56, 45]",1285.2,[],0
841,439,1,"[478, 378, 52.29, 60]",3137.4,[],0
842,439,1,"[577, 374, 42.27, 42.5]",1796.475,[],0
843,439,1,"[690, 381, 60.99, 48.75]",2973.263,[],0
844,439,1,"[780, 215, 88.46, 85]",7519.1,[],0
845,439,1,"[1017, 419, 64.66, 221.25]",14306.025,[],0
846,439,1,"[909, 501, 35.94, 68.75]",2470.875,[],0
847,439,1,"[921, 571, 40.3, 70]",2821.0,[],0
848,440,1,"[224, 357, 808.11, 379.22]",306451.474,[],0
849,441,1,"[484, 185, 167.06, 165.44]",27638.406,[],0
850,442,1,"[157, 59, 878.66, 801.11]",703903.313,[],0
851,443,1,"[531, 132, 611.52, 728.33]",445388.362,[],0
852,444,1,"[107, 7, 504.85, 852.78]",430525.983,[],0
853,445,1,"[70, 154, 1129.7, 649.76]",734033.872,[],0
854,446,1,"[521, 230, 198.44, 388.14]",77022.502,[],0
855,447,1,"[142, 172, 213.95, 195.95]",41923.502,[],0
856,447,1,"[183, 512, 384.82, 257.73]",99179.659,[],0
857,448,1,"[260, 152, 459.27, 498.14]",228780.758,[],0
858,449,1,"[0, 264, 1200, 274.27]",329124.0,[],0
859,450,1,"[664, 275, 74.75, 86.25]",6447.188,[],0
860,450,1,"[882, 479, 199.68, 67.5]",13478.4,[],0
861,450,1,"[1054, 428, 143.41, 85]",12189.85,[],0
862,450,1,"[1140, 13, 58.41, 83.75]",4891.837,[],0
863,452,1,"[119, 715, 352.52, 115.29]",40642.031,[],0
864,452,1,"[628, 729, 79.58, 131.25]",10444.875,[],0
865,452,1,"[790, 208, 132.41, 125.23]",16581.704,[],0
866,452,1,"[98, 114, 67.59, 70.21]",4745.494,[],0
867,452,1,"[190, 0, 82.55, 141.98]",11720.449,[],0
868,452,1,"[214, 360, 114.25, 172.82]",19744.685,[],0
869,452,1,"[360, 479, 77.69, 117]",9089.73,[],0
870,453,1,"[286, 279, 389.65, 473.67]",184565.516,[],0
871,453,1,"[729, 10, 160.52, 94.39]",15151.483,[],0
872,454,1,"[409, 71, 503.68, 702.83]",354001.414,[],0
873,455,1,"[244, 250, 572.03, 467.01]",267143.73,[],0
874,455,1,"[847, 467, 90.35, 149.26]",13485.641,[],0
875,456,1,"[687, 0, 508.64, 450.69]",229238.962,[],0
876,456,1,"[787, 572, 152.57, 193.38]",29503.987,[],0
877,456,1,"[416, 8, 240.39, 136.6]",32837.274,[],0
878,456,1,"[0, 176, 220.77, 457.03]",100898.513,[],0
879,457,1,"[475, 128, 106.03, 135]",14314.05,[],0
880,457,1,"[665, 250, 38.5, 61.25]",2358.125,[],0
881,457,1,"[429, 709, 117.29, 72.5]",8503.525,[],0
882,458,1,"[314, 371, 586.74, 335.62]",196921.679,[],0
883,459,1,"[296, 374, 170.74, 156.28]",26683.247,[],0
884,460,1,"[519, 369, 162.61, 198.71]",32312.233,[],0
885,461,1,"[447, 302, 124.85, 148.74]",18570.189,[],0
886,462,1,"[371, 373, 325.66, 246.2]",80177.492,[],0
887,463,1,"[418, 555, 50.7, 50.3]",2550.21,[],0
888,463,1,"[444, 359, 80.93, 99.81]",8077.623,[],0
889,463,1,"[695, 303, 62.48, 76.3]",4767.224,[],0
890,464,1,"[195, 316, 533.8, 357.91]",191052.358,[],0
891,465,1,"[507, 269, 224.27, 244.84]",54910.267,[],0
892,466,1,"[397, 20, 132.29, 143.75]",19016.688,[],0
893,466,1,"[358, 160, 44.82, 47.5]",2128.95,[],0
894,466,1,"[473, 348, 48.54, 78.75]",3822.525,[],0
895,466,1,"[290, 401, 111.07, 58.75]",6525.362,[],0
896,466,1,"[530, 518, 94.77, 67.5]",6396.975,[],0
897,466,1,"[523, 623, 67.28, 66.25]",4457.3,[],0
898,466,1,"[581, 706, 148.97, 105]",15641.85,[],0
899,466,1,"[807, 539, 123.45, 92.5]",11419.125,[],0
900,466,1,"[952, 621, 55.93, 77.5]",4334.575,[],0
901,466,1,"[812, 790, 49.71, 41.25]",2050.537,[],0
902,467,1,"[325, 480, 83.14, 242.76]",20183.066,[],0
903,467,1,"[399, 179, 407.8, 235.52]",96045.056,[],0
904,468,1,"[212, 479, 320.72, 222.84]",71469.245,[],0
905,468,1,"[619, 569, 79.33, 90.2]",7155.566,[],0
906,468,1,"[704, 764, 174.27, 96]",16729.92,[],0
907,468,1,"[899, 0, 223.19, 456.65]",101919.713,[],0
908,469,1,"[415, 546, 191.74, 231.49]",44385.893,[],0
909,469,1,"[34, 485, 338.19, 250.71]",84787.615,[],0
910,469,1,"[905, 148, 69.78, 170.3]",11883.534,[],0
911,470,1,"[302, 177, 434.27, 543.39]",235977.975,[],0
912,471,1,"[435, 114, 468.69, 415.95]",194951.606,[],0
913,471,1,"[404, 0, 242.06, 69.68]",16866.741,[],0
914,472,1,"[220, 214, 574.67, 503.12]",289127.97,[],0
915,473,1,"[52, 205, 179.35, 165.99]",29770.307,[],0
916,473,1,"[214, 470, 78.79, 79.27]",6245.683,[],0
917,473,1,"[715, 359, 39.82, 57.36]",2284.075,[],0
918,473,1,"[893, 370, 51.18, 62.64]",3205.915,[],0
919,474,1,"[262, 17, 501.49, 770.32]",386307.777,[],0
920,475,1,"[890, 454, 79.7, 80]",6376.0,[],0
921,475,1,"[830, 534, 133.45, 82.5]",11009.625,[],0
922,475,1,"[278, 745, 36.08, 47.5]",1713.8,[],0
923,475,1,"[237, 800, 101.4, 46.25]",4689.75,[],0
924,476,1,"[314, 278, 449.82, 360.36]",162097.135,[],0
925,477,1,"[0, 149, 1200, 710.56]",852672.0,[],0
926,478,1,"[231, 259, 383.69, 528.46]",202764.817,[],0
927,479,1,"[240, 144, 84.34, 74.08]",6247.907,[],0
928,479,1,"[602, 291, 226.48, 201.23]",45574.57,[],0
929,480,1,"[404, 254, 402.3, 449.18]",180705.114,[],0
930,481,1,"[291, 375, 195.74, 153.28]",30003.027,[],0
931,482,1,"[111, 65, 847.58, 738.12]",625615.75,[],0
932,482,1,"[884, 777, 214.2, 83.33]",17849.286,[],0
933,483,1,"[519, 370, 144.84, 145.39]",21058.288,[],0
934,484,1,"[242, 308, 483.16, 331.75]",160288.33,[],0
935,485,1,"[585, 336, 58.52, 78.75]",4608.45,[],0
936,485,1,"[693, 368, 53.5, 50]",2675.0,[],0
937,485,1,"[625, 506, 152.24, 87.5]",13321.0,[],0
938,486,1,"[871, 569, 163.55, 178.15]",29136.433,[],0
939,486,1,"[911, 422, 75.57, 91.62]",6923.723,[],0
940,486,1,"[471, 611, 43.73, 49.87]",2180.815,[],0
941,486,1,"[772, 142, 81.95, 97.11]",7958.164,[],0
942,486,1,"[322, 122, 258.7, 195.73]",50635.351,[],0
943,487,1,"[251, 329, 296.25, 270.09]",80014.162,[],0
944,488,1,"[197, 149, 576.49, 481.48]",277568.405,[],0
945,489,1,"[590, 494, 104.28, 85.1]",8874.228,[],0
946,490,1,"[513, 368, 172.33, 121.79]",20988.071,[],0
947,491,1,"[0, 81, 1200, 715.79]",858948.0,[],0
948,492,1,"[345, 331, 139.8, 175]",24465.0,[],0
949,492,1,"[617, 393, 112.24, 105]",11785.2,[],0
950,493,1,"[384, 325, 359.82, 333.13]",119866.837,[],0
951,494,1,"[644, 278, 237.58, 127.37]",30260.565,[],0
952,495,1,"[579, 352, 139.27, 142.62]",19862.687,[],0
953,496,1,"[605, 363, 199.73, 497.5]",99365.675,[],0
954,496,1,"[80, 30, 416.05, 183.75]",76449.188,[],0
955,496,1,"[0, 345, 140.33, 146.25]",20523.263,[],0
956,497,1,"[389, 361, 333, 340.52]",113393.16,[],0
957,498,1,"[510, 270, 222.6, 245.95]",54748.47,[],0
958,499,1,"[645, 519, 87.51, 126.38]",11059.514,[],0
